Site,Season,NN,Phosphate,Salinity,Silicate,TA,pH,percent_sgd
BP,FALL,2.6037500000000002,0.1875,34.158335822,13.391,2285.923744175,7.9722245263,1.686523929475
BP,SPRING,2.881794871794872,0.21410256410256412,34.02961104025641,16.476666666666667,2270.91153425641,7.9986856797435895,2.075146935282051
W,FALL,1.1155,0.14675,33.66574832075,23.1045,2241.655494625,7.972025,2.98507751925
W,SPRING,0.41195121951219515,0.12219512195121951,34.32132376097561,8.18780487804878,2275.5073195853656,7.9386829268292685,1.0578559274146342
